{
  "project_info": {
    "project_number": "1034024082171",
    "firebase_url": "https://routes-lovro.firebaseio.com",
    "project_id": "routes-lovro",
    "storage_bucket": "routes-lovro.appspot.com"
  },
  "client": [
    {
      "client_info": {
        "mobilesdk_app_id": "1:1034024082171:android:57e6eb64b3f0c552",
        "android_client_info": {
          "package_name": "routes.example.routes"
        }
      },
      "oauth_client": [
        {
          "client_id": "1034024082171-6sico9od0hmgqa1qudiijfj8jpfndkok.apps.googleusercontent.com",
          "client_type": 1,
          "android_info": {
            "package_name": "routes.example.routes",
            "certificate_hash": "a7ad53ff912b54ff130f7ee610816f8766e1dd55"
          }
        },
        {
          "client_id": "1034024082171-a2ccbjt4movugusjf3lkvhjc45dmmfbd.apps.googleusercontent.com",
          "client_type": 3
        }
      ],
      "api_key": [
        {
          "current_key": "AIzaSyCZ2FjlO8rMy1odFN7ycZDAtOyXB5OxKic"
        }
      ],
      "services": {
        "appinvite_service": {
          "other_platform_oauth_client": [
            {
              "client_id": "1034024082171-a2ccbjt4movugusjf3lkvhjc45dmmfbd.apps.googleusercontent.com",
              "client_type": 3
            }
          ]
        }
      }
    }
  ],
  "configuration_version": "1"
}